id,hgnc_id_first,X00Annotation,short_description,description,association_with_transcript,entrezgene_id,hgnc_id,uniprot_id,symbol,name,locus_type,omim_id,lncrnadb,TID,CID
54,HGNC:32600,"chr10:101997055..101997059,-",p1@SNORA12,CAGE_peak_1_at_SNORA12_5end,"0bp_to_ENST00000391162,NR_002954,uc001kqu.1_5end",entrezgene:677800,HGNC:32600,,SNORA12,"small nucleolar RNA, H/ACA box 12","RNA, small nucleolar",611330,,T000102,"chr10:101997055..101997059,-"
3805,HGNC:32760,"chr11:10823145..10823156,-",p2@SNORD97,CAGE_peak_2_at_SNORD97_5end,"0bp_to_ENST00000459187,NR_004403,uc009yge.2_5end",entrezgene:692223,HGNC:32760,,SNORD97,"small nucleolar RNA, C/D box 97","RNA, small nucleolar",,,T009375,"chr11:10823145..10823156,-"
3806,HGNC:32760,"chr11:10823282..10823289,-",p4@SNORD97,CAGE_peak_4_at_SNORD97_5end,"-127bp_to_NR_004403,uc009yge.2_5end",entrezgene:692223,HGNC:32760,,SNORD97,"small nucleolar RNA, C/D box 97","RNA, small nucleolar",,,T009376,"chr11:10823282..10823289,-"
3807,HGNC:32760,"chr11:10823311..10823327,-",p1@SNORD97,CAGE_peak_1_at_SNORD97_5end,"-156bp_to_NR_004403,uc009yge.2_5end",entrezgene:692223,HGNC:32760,,SNORD97,"small nucleolar RNA, C/D box 97","RNA, small nucleolar",,,T009377,"chr11:10823311..10823327,-"
3808,HGNC:32760,"chr11:10823646..10823666,-",p3@SNORD97,CAGE_peak_3_at_SNORD97_5end,"-491bp_to_NR_004403,uc009yge.2_5end",entrezgene:692223,HGNC:32760,,SNORD97,"small nucleolar RNA, C/D box 97","RNA, small nucleolar",,,T009378,"chr11:10823646..10823666,-"
4592,HGNC:30353,"chr11:122929699..122929702,-",p1@SNORD14D,CAGE_peak_1_at_SNORD14D_5end,0bp_to_ENST00000384390_5end,,HGNC:30353,,SNORD14D,"small nucleolar RNA, C/D box 14D","RNA, small nucleolar",,,T011013,"chr11:122929699..122929702,-"
4593,HGNC:30352,"chr11:122930121..122930134,-",p1@SNORD14C,CAGE_peak_1_at_SNORD14C_5end,0bp_to_ENST00000365382_5end,,HGNC:30352,,SNORD14C,"small nucleolar RNA, C/D box 14C","RNA, small nucleolar",,,T011014,"chr11:122930121..122930134,-"
5096,HGNC:10113,"chr11:17096287..17096292,-",p1@SNORD14A,CAGE_peak_1_at_SNORD14A_5end,0bp_to_ENST00000364914_5end,,HGNC:10113,,SNORD14A,"small nucleolar RNA, C/D box 14A","RNA, small nucleolar",,,T012232,"chr11:17096287..17096292,-"
6999,HGNC:32651,"chr11:62432889..62432899,+",p1@SNORA57,CAGE_peak_1_at_SNORA57_5end,"0bp_to_ENST00000383870,NR_004390,uc009yoa.1_5end",entrezgene:692158,HGNC:32651,,SNORA57,"small nucleolar RNA, H/ACA box 57","RNA, small nucleolar",,,T015979,"chr11:62432889..62432899,+"
7079,HGNC:10145,"chr11:62620503..62620506,-",p1@SNORD22,CAGE_peak_1_at_SNORD22_5end,"0bp_to_ENST00000384756,NR_000008,uc001nvv.2_5end",entrezgene:9304,HGNC:10145,,SNORD22,"small nucleolar RNA, C/D box 22","RNA, small nucleolar",603223,,T016083,"chr11:62620503..62620506,-"
7080,HGNC:10151,"chr11:62621427..62621442,-",p1@SNORD29,CAGE_peak_1_at_SNORD29_5end,"0bp_to_ENST00000383926,NR_002559,uc001nvx.2_5end",entrezgene:9297,HGNC:10151,,SNORD29,"small nucleolar RNA, C/D box 29","RNA, small nucleolar",603228,,T016084,"chr11:62621427..62621442,-"
7081,HGNC:10150,"chr11:62622159..62622173,-",p1@SNORD28,CAGE_peak_1_at_SNORD28_5end,"0bp_to_ENST00000384706,NR_002562,uc001nvy.1_5end",entrezgene:9300,HGNC:10150,,SNORD28,"small nucleolar RNA, C/D box 28","RNA, small nucleolar",603227,,T016085,"chr11:62622159..62622173,-"
7082,HGNC:10148,"chr11:62622833..62622839,-",p1@SNORD26,CAGE_peak_1_at_SNORD26_5end,"0bp_to_ENST00000384147,NR_002564,uc009yok.1_5end",entrezgene:9302,HGNC:10148,,SNORD26,"small nucleolar RNA, C/D box 26","RNA, small nucleolar",603225,,T016086,"chr11:62622833..62622839,-"
7083,HGNC:32688,"chr11:62622938..62622956,-",p2@SNHG1,CAGE_peak_2_at_SNHG1_5end,"0bp_to_ENST00000537024,ENST00000538266,uc001nvq.2_5end",entrezgene:23642,HGNC:32688,,SNHG1,small nucleolar RNA host gene 1,"RNA, long non-coding",603222,snhg1,T016087,"chr11:62622938..62622956,-"
7084,HGNC:32688,"chr11:62623024..62623031,-",p10@SNHG1,CAGE_peak_10_at_SNHG1_5end,"-64bp_to_ENST00000535689,ENST00000537965,ENST00000540865,ENST00000540904,ENST00000541578,ENST00000541615,ENST00000544550,ENST00000545308,ENST00000545440_5end",,HGNC:32688,,SNHG1,small nucleolar RNA host gene 1,"RNA, long non-coding",603222,snhg1,T016088,"chr11:62623024..62623031,-"
7085,HGNC:32688,"chr11:62623261..62623275,-",p3@SNHG1,CAGE_peak_3_at_SNHG1_5end,8bp_to_ENST00000541416_5end,,HGNC:32688,,SNHG1,small nucleolar RNA host gene 1,"RNA, long non-coding",603222,snhg1,T016089,"chr11:62623261..62623275,-"
7086,HGNC:32688,"chr11:62623340..62623364,-",p1@SNHG1,CAGE_peak_1_at_SNHG1_5end,"0bp_to_ENST00000537068,ENST00000538654,NR_003098,uc001nvt.2,uc001nvu.2_5end",entrezgene:23642,HGNC:32688,,SNHG1,small nucleolar RNA host gene 1,"RNA, long non-coding",603222,snhg1,T016090,"chr11:62623340..62623364,-"
8414,HGNC:16649,"chr11:75115104..75115106,+",p2@SNORD15B,CAGE_peak_2_at_SNORD15B_5end,"-358bp_to_NR_000025,uc001owl.1_5end",entrezgene:114599,HGNC:16649,,SNORD15B,"small nucleolar RNA, C/D box 15B","RNA, small nucleolar",,,T018500,"chr11:75115104..75115106,+"
8415,HGNC:16649,"chr11:75115200..75115223,+",p3@SNORD15B,CAGE_peak_3_at_SNORD15B_5end,"-241bp_to_NR_000025,uc001owl.1_5end",entrezgene:114599,HGNC:16649,,SNORD15B,"small nucleolar RNA, C/D box 15B","RNA, small nucleolar",,,T018501,"chr11:75115200..75115223,+"
8416,HGNC:16649,"chr11:75115462..75115474,+",p1@SNORD15B,CAGE_peak_1_at_SNORD15B_5end,"0bp_to_ENST00000384714,NR_000025,uc001owl.1_5end",entrezgene:114599,HGNC:16649,,SNORD15B,"small nucleolar RNA, C/D box 15B","RNA, small nucleolar",,,T018502,"chr11:75115462..75115474,+"
8619,HGNC:32645,"chr11:811679..811684,+",p2@SNORA52,CAGE_peak_2_at_SNORA52_5end,"0bp_to_ENST00000362915,NR_002585,uc001lrs.1_5end",entrezgene:619565,HGNC:32645,,SNORA52,"small nucleolar RNA, H/ACA box 52","RNA, small nucleolar",,,T018938,"chr11:811679..811684,+"
8847,HGNC:32586,"chr11:8705577..8705600,+",p1@SNORA3,CAGE_peak_1_at_SNORA3_5end,"-173bp_to_NR_002580,uc001mgq.1_5end",entrezgene:619562,HGNC:32586,,SNORA3A,"small nucleolar RNA, H/ACA box 3A","RNA, small nucleolar",,,T019353,"chr11:8705577..8705600,+"
8955,HGNC:32622,"chr11:93464262..93464268,-",p1@SNORA32,CAGE_peak_1_at_SNORA32_5end,"0bp_to_ENST00000384072,NR_003032,uc009ywc.1_5end",entrezgene:692063,HGNC:32622,,SNORA32,"small nucleolar RNA, H/ACA box 32","RNA, small nucleolar",,,T019614,"chr11:93464262..93464268,-"
8956,HGNC:32557,"chr11:93465296..93465301,-",p1@SNORA1,CAGE_peak_1_at_SNORA1_5end,"0bp_to_ENST00000384107,NR_003026,uc009ywd.1_5end",entrezgene:677792,HGNC:32557,,SNORA1,"small nucleolar RNA, H/ACA box 1","RNA, small nucleolar",,,T019615,"chr11:93465296..93465301,-"
8957,HGNC:32596,"chr11:93465662..93465665,-",p1@SNORA8,CAGE_peak_1_at_SNORA8_5end,"0bp_to_ENST00000384574,NR_002920,uc009ywe.2_5end",entrezgene:654320,HGNC:32596,,SNORA8,"small nucleolar RNA, H/ACA box 8","RNA, small nucleolar",,,T019616,"chr11:93465662..93465665,-"
8958,HGNC:32702,"chr11:93466460..93466463,-",p1@SNORD5,CAGE_peak_1_at_SNORD5_5end,"2bp_to_ENST00000459342,NR_003033,uc009ywf.1_5end",entrezgene:692072,HGNC:32702,,SNORD5,"small nucleolar RNA, C/D box 5","RNA, small nucleolar",,,T019617,"chr11:93466460..93466463,-"
8959,HGNC:32633,"chr11:93468399..93468405,-","p19@TAF1D,p1@SNORA40","CAGE_peak_19_at_TAF1D_5end,CAGE_peak_1_at_SNORA40_5end","0bp_to_ENST00000388090,ENST00000529435,NR_002973,uc009ywh.2_5end","entrezgene:79101,entrezgene:677822","HGNC:32633,HGNC:28759",,SNORA40,"small nucleolar RNA, H/ACA box 40","RNA, small nucleolar",,,T019618,"chr11:93468399..93468405,-"
9008,HGNC:32613,"chr11:9450312..9450317,+",p1@SNORA23,CAGE_peak_1_at_SNORA23_5end,"0bp_to_NR_002962,uc001mhp.1_5end",entrezgene:677808,HGNC:32613,,SNORA23,"small nucleolar RNA, H/ACA box 23","RNA, small nucleolar",,,T019697,"chr11:9450312..9450317,+"
10524,HGNC:32642,"chr12:132515768..132515773,+",p1@SNORA49,CAGE_peak_1_at_SNORA49_5end,"0bp_to_ENST00000386157,NR_002979,uc001ujo.2_5end",entrezgene:677829,HGNC:32642,,SNORA49,"small nucleolar RNA, H/ACA box 49","RNA, small nucleolar",,,T023112,"chr12:132515768..132515773,+"
12575,HGNC:10210,"chr12:57038878..57038884,-",p1@SNORD59A,CAGE_peak_1_at_SNORD59A_5end,"0bp_to_ENST00000384304,NR_002737,uc001slt.1_5end",entrezgene:26789,HGNC:10210,,SNORD59A,"small nucleolar RNA, C/D box 59A","RNA, small nucleolar",,,T027196,"chr12:57038878..57038884,-"
14142,HGNC:32646,"chr12:98993411..98993414,+",p1@SNORA53,CAGE_peak_1_at_SNORA53_5end,"0bp_to_ENST00000391141,NR_003015,uc001tfu.1_5end",entrezgene:677832,HGNC:32646,,SNORA53,"small nucleolar RNA, H/ACA box 53","RNA, small nucleolar",,,T030833,"chr12:98993411..98993414,+"
14699,HGNC:10099,"chr13:27829202..27829226,+",p1@SNORD102,CAGE_peak_1_at_SNORD102_5end,"1bp_to_ENST00000384769,NR_002574,uc001urb.2_5end",entrezgene:26771,HGNC:10099,,SNORD102,"small nucleolar RNA, C/D box 102","RNA, small nucleolar",,,T032213,"chr13:27829202..27829226,+"
16033,HGNC:32982,"chr14:101396255..101396259,+",p1@SNORD113-3,CAGE_peak_1_at_SNORD113-3_5end,0bp_to_ENST00000364830_5end,,HGNC:32982,,SNORD113-3,"small nucleolar RNA, C/D box 113-3","RNA, small nucleolar",,,T035295,"chr14:101396255..101396259,+"
16034,HGNC:32983,"chr14:101402326..101402331,+",p1@SNORD113-4,CAGE_peak_1_at_SNORD113-4_5end,"-496bp_to_NR_003232,uc001yil.2_5end",entrezgene:767564,HGNC:32983,,SNORD113-4,"small nucleolar RNA, C/D box 113-4","RNA, small nucleolar",,,T035297,"chr14:101402326..101402331,+"
16035,HGNC:32989,"chr14:101415932..101415935,+",p2@SNORD114-1,CAGE_peak_2_at_SNORD114-1_5end,"-234bp_to_NR_003193,uc001yir.2_5end",entrezgene:767577,HGNC:32989,,SNORD114-1,"small nucleolar RNA, C/D box 114-1","RNA, small nucleolar",613651,,T035298,"chr14:101415932..101415935,+"
16036,HGNC:32989,"chr14:101416170..101416174,+",p1@SNORD114-1,CAGE_peak_1_at_SNORD114-1_5end,"0bp_to_ENST00000362705,NR_003193,uc001yir.2_5end",entrezgene:767577,HGNC:32989,,SNORD114-1,"small nucleolar RNA, C/D box 114-1","RNA, small nucleolar",613651,,T035299,"chr14:101416170..101416174,+"
16037,HGNC:33001,"chr14:101436215..101436219,+",p1@SNORD114-13,CAGE_peak_1_at_SNORD114-13_5end,"0bp_to_ENST00000364377,NR_003206,uc001yjd.2_5end",entrezgene:767591,HGNC:33001,,SNORD114-13,"small nucleolar RNA, C/D box 114-13","RNA, small nucleolar",,,T035300,"chr14:101436215..101436219,+"
16038,HGNC:33002,"chr14:101438441..101438444,+",p1@SNORD114-14,CAGE_peak_1_at_SNORD114-14_5end,"1bp_to_ENST00000362723,NR_003207,uc001yje.2_5end",entrezgene:767592,HGNC:33002,,SNORD114-14,"small nucleolar RNA, C/D box 114-14","RNA, small nucleolar",,,T035301,"chr14:101438441..101438444,+"
16039,HGNC:33007,"chr14:101442373..101442374,+",p1@SNORD114-19,CAGE_peak_1_at_SNORD114-19_5end,"-439bp_to_NR_003212,uc001yjj.2_5end",entrezgene:767597,HGNC:33007,,SNORD114-19,"small nucleolar RNA, C/D box 114-19","RNA, small nucleolar",,,T035302,"chr14:101442373..101442374,+"
16040,HGNC:33008,"chr14:101447341..101447344,+",p1@SNORD114-20,CAGE_peak_1_at_SNORD114-20_5end,"0bp_to_ENST00000365178,NR_003213,uc001yjk.1_5end",entrezgene:767598,HGNC:33008,,SNORD114-20,"small nucleolar RNA, C/D box 114-20","RNA, small nucleolar",,,T035303,"chr14:101447341..101447344,+"
16041,HGNC:33009,"chr14:101448000..101448014,+",p1@SNORD114-21,CAGE_peak_1_at_SNORD114-21_5end,"-297bp_to_NR_003214,uc001yjl.2_5end",entrezgene:767599,HGNC:33009,,SNORD114-21,"small nucleolar RNA, C/D box 114-21","RNA, small nucleolar",,,T035305,"chr14:101448000..101448014,+"
16560,HGNC:20159,"chr14:21865556..21865561,-",p1@SNORD8,CAGE_peak_1_at_SNORD8_5end,"0bp_to_ENST00000363915,NR_002916,uc001wau.1_5end",entrezgene:319103,HGNC:20159,,SNORD8,"small nucleolar RNA, C/D box 8","RNA, small nucleolar",,,T036498,"chr14:21865556..21865561,-"
18980,HGNC:27510,"chr14:96000579..96000592,-",p6@SNHG10,CAGE_peak_6_at_SNHG10_5end,0bp_to_ENST00000554169_5end,,HGNC:27510,,SNHG10,small nucleolar RNA host gene 10,"RNA, long non-coding",,,T041886,"chr14:96000579..96000592,-"
18981,HGNC:27510,"chr14:96000839..96000849,-",p9@SNHG10,CAGE_peak_9_at_SNHG10_5end,-257bp_to_ENST00000554169_5end,,HGNC:27510,,SNHG10,small nucleolar RNA host gene 10,"RNA, long non-coding",,,T041887,"chr14:96000839..96000849,-"
18982,HGNC:27510,"chr14:96000850..96000861,-",p8@SNHG10,CAGE_peak_8_at_SNHG10_5end,61bp_to_ENST00000555866_5end,,HGNC:27510,,SNHG10,small nucleolar RNA host gene 10,"RNA, long non-coding",,,T041888,"chr14:96000850..96000861,-"
18983,HGNC:27510,"chr14:96000869..96000881,-",p7@SNHG10,CAGE_peak_7_at_SNHG10_5end,41bp_to_ENST00000555866_5end,,HGNC:27510,,SNHG10,small nucleolar RNA host gene 10,"RNA, long non-coding",,,T041889,"chr14:96000869..96000881,-"
18984,HGNC:27510,"chr14:96000902..96000926,-",p2@SNHG10,CAGE_peak_2_at_SNHG10_5end,0bp_to_ENST00000555866_5end,,HGNC:27510,,SNHG10,small nucleolar RNA host gene 10,"RNA, long non-coding",,,T041890,"chr14:96000902..96000926,-"
18985,HGNC:27510,"chr14:96000928..96000940,-",p3@SNHG10,CAGE_peak_3_at_SNHG10_5end,-5bp_to_ENST00000555866_5end,,HGNC:27510,,SNHG10,small nucleolar RNA host gene 10,"RNA, long non-coding",,,T041891,"chr14:96000928..96000940,-"
18986,HGNC:27510,"chr14:96000941..96000991,-",p1@SNHG10,CAGE_peak_1_at_SNHG10_5end,-18bp_to_ENST00000555866_5end,,HGNC:27510,,SNHG10,small nucleolar RNA host gene 10,"RNA, long non-coding",,,T041892,"chr14:96000941..96000991,-"
18988,HGNC:27510,"chr14:96001055..96001099,-",p4@SNHG10,CAGE_peak_4_at_SNHG10_5end,37bp_to_ENST00000500370_5end,,HGNC:27510,,SNHG10,small nucleolar RNA host gene 10,"RNA, long non-coding",,,T041894,"chr14:96001055..96001099,-"
19138,HGNC:32771,"chr15:25227140..25227145,+","p1@SNHG14,p1@SNORD107","CAGE_peak_1_at_SNHG14_5end,CAGE_peak_1_at_SNORD107_5end","0bp_to_ENST00000459433,ENST00000551361,NR_001293,NR_022011,uc001yxb.3_5end","entrezgene:91380,entrezgene:347746","HGNC:32771,HGNC:37462",,SNORD107,"small nucleolar RNA, C/D box 107","RNA, small nucleolar",,,T042333,"chr15:25227140..25227145,+"
19139,HGNC:32725,"chr15:25230242..25230260,+",p1@SNORD64,CAGE_peak_1_at_SNORD64_5end,"0bp_to_ENST00000386683,NR_001294_5end",entrezgene:347686,HGNC:32725,,SNORD64,"small nucleolar RNA, C/D box 64","RNA, small nucleolar",,,T042338,"chr15:25230242..25230260,+"
19140,HGNC:32772,"chr15:25231918..25231932,+",p1@SNORD108,CAGE_peak_1_at_SNORD108_5end,-139bp_to_NR_001292_5end,entrezgene:338427,HGNC:32772,,SNORD108,"small nucleolar RNA, C/D box 108","RNA, small nucleolar",,,T042342,"chr15:25231918..25231932,+"
19142,HGNC:33079,"chr15:25324203..25324208,+",p1@SNORD116-13,CAGE_peak_1_at_SNORD116-13_5end,"0bp_to_ENST00000384408,NR_003328,uc001yxw.2_5end",entrezgene:100033425,HGNC:33079,,SNORD116-13,"small nucleolar RNA, C/D box 116-13","RNA, small nucleolar",,,T042366,"chr15:25324203..25324208,+"
19143,HGNC:33042,"chr15:25456943..25456947,+",p1@SNORD115-23,CAGE_peak_1_at_SNORD115-23_5end,"0bp_to_ENST00000364461,NR_003315_5end",entrezgene:100033800,HGNC:33042,,SNORD115-23,"small nucleolar RNA, C/D box 115-23","RNA, small nucleolar",,,T042376,"chr15:25456943..25456947,+"
19144,HGNC:33051,"chr15:25474113..25474118,+",p1@SNORD115-32,CAGE_peak_1_at_SNORD115-32_5end,"0bp_to_ENST00000364079,NR_003347,uc001zaa.1_5end",entrezgene:100033806,HGNC:33051,,SNORD115-32,"small nucleolar RNA, C/D box 115-32","RNA, small nucleolar",,,T042377,"chr15:25474113..25474118,+"
20525,HGNC:32712,"chr15:66795245..66795274,-",p2@SNORD16,CAGE_peak_2_at_SNORD16_5end,"0bp_to_ENST00000362803,NR_002440,uc010bht.2_5end",entrezgene:595097,HGNC:32712,,SNORD16,"small nucleolar RNA, C/D box 16","RNA, small nucleolar",,,T045701,"chr15:66795245..66795274,-"
20526,HGNC:32714,"chr15:66795851..66795876,-",p1@SNORD18A,CAGE_peak_1_at_SNORD18A_5end,"-199bp_to_NR_002441,uc002apz.1_5end",entrezgene:595098,HGNC:32714,,SNORD18A,"small nucleolar RNA, C/D box 18A","RNA, small nucleolar",,,T045702,"chr15:66795851..66795876,-"
22062,HGNC:10221,"chr16:2013101..2013108,-",p1@SNORA64,CAGE_peak_1_at_SNORA64_5end,"0bp_to_ENST00000384674,ENST00000527722,NR_002326,uc002cnq.2_5end",entrezgene:26784,HGNC:10221,,SNORA64,"small nucleolar RNA, H/ACA box 64","RNA, small nucleolar",,,T049495,"chr16:2013101..2013108,-"
22065,HGNC:33102,"chr16:2014941..2014964,+",p3@SNHG9,CAGE_peak_3_at_SNHG9_5end,0bp_to_ENST00000531523_5end,,HGNC:33102,,SNHG9,small nucleolar RNA host gene 9,"RNA, long non-coding",,,T049498,"chr16:2014941..2014964,+"
22066,HGNC:33102,"chr16:2014974..2014987,+",p4@SNHG9,CAGE_peak_4_at_SNHG9_5end,"-9bp_to_NR_003142,uc002cnr.2_5end",entrezgene:735301,HGNC:33102,,SNHG9,small nucleolar RNA host gene 9,"RNA, long non-coding",,,T049499,"chr16:2014974..2014987,+"
22067,HGNC:33102,"chr16:2014993..2015049,+",p1@SNHG9,CAGE_peak_1_at_SNHG9_5end,"0bp_to_NR_003142,uc002cnr.2_5end",entrezgene:735301,HGNC:33102,,SNHG9,small nucleolar RNA host gene 9,"RNA, long non-coding",,,T049500,"chr16:2014993..2015049,+"
22068,HGNC:33102,"chr16:2015050..2015075,+",p2@SNHG9,CAGE_peak_2_at_SNHG9_5end,"53bp_to_NR_003142,uc002cnr.2_5end",entrezgene:735301,HGNC:33102,,SNHG9,small nucleolar RNA host gene 9,"RNA, long non-coding",,,T049501,"chr16:2015050..2015075,+"
22069,HGNC:32664,"chr16:2015112..2015126,+",p1@SNORA78,CAGE_peak_1_at_SNORA78_5end,"-58bp_to_NR_003020,uc002cns.1_5end",entrezgene:677844,HGNC:32664,,SNORA78,"small nucleolar RNA, H/ACA box 78","RNA, small nucleolar",,,T049502,"chr16:2015112..2015126,+"
22070,HGNC:32664,"chr16:2015179..2015182,+",p3@SNORA78,CAGE_peak_3_at_SNORA78_5end,"-2bp_to_ENST00000459373,NR_003020,uc002cns.1_5end",entrezgene:677844,HGNC:32664,,SNORA78,"small nucleolar RNA, H/ACA box 78","RNA, small nucleolar",,,T049503,"chr16:2015179..2015182,+"
22188,HGNC:10217,"chr16:2205102..2205107,-",p2@SNORD60,CAGE_peak_2_at_SNORD60_5end,"0bp_to_ENST00000383903,NR_002736,uc002cov.1_5end",entrezgene:26788,HGNC:10217,,SNORD60,"small nucleolar RNA, C/D box 60","RNA, small nucleolar",,,T049789,"chr16:2205102..2205107,-"
22189,HGNC:10217,"chr16:2205352..2205359,-",p1@SNORD60,CAGE_peak_1_at_SNORD60_5end,"-246bp_to_NR_002736,uc002cov.1_5end",entrezgene:26788,HGNC:10217,,SNORD60,"small nucleolar RNA, C/D box 60","RNA, small nucleolar",,,T049790,"chr16:2205352..2205359,-"
23849,HGNC:33579,"chr16:70563100..70563105,+",p1@SNORD111B,CAGE_peak_1_at_SNORD111B_5end,-296bp_to_NR_037420_5end,entrezgene:100113402,HGNC:33579,,SNORD111B,"small nucleolar RNA, C/D box 111B","RNA, small nucleolar",,,T053535,"chr16:70563100..70563105,+"
23850,HGNC:33579,"chr16:70563415..70563420,+",p4@SNORD111B,CAGE_peak_4_at_SNORD111B_5end,3bp_to_ENST00000408587_5end,,HGNC:33579,,SNORD111B,"small nucleolar RNA, C/D box 111B","RNA, small nucleolar",,,T053536,"chr16:70563415..70563420,+"
23890,HGNC:32732,"chr16:71792378..71792384,-",p1@SNORD71,CAGE_peak_1_at_SNORD71_5end,"5bp_to_ENST00000411292,NR_003059,uc002fbc.1_5end",entrezgene:692111,HGNC:32732,,SNORD71,"small nucleolar RNA, C/D box 71","RNA, small nucleolar",,,T053678,"chr16:71792378..71792384,-"
24392,HGNC:32729,"chr16:89627659..89627682,+",p1@SNORD68,CAGE_peak_1_at_SNORD68_5end,"-155bp_to_NR_002450,uc010cim.1_5end",entrezgene:606500,HGNC:32729,,SNORD68,"small nucleolar RNA, C/D box 68","RNA, small nucleolar",,,T055159,"chr16:89627659..89627682,+"
24393,HGNC:32729,"chr16:89627836..89627840,+",p2@SNORD68,CAGE_peak_2_at_SNORD68_5end,"0bp_to_NR_002450,uc010cim.1_5end",entrezgene:606500,HGNC:32729,,SNORD68,"small nucleolar RNA, C/D box 68","RNA, small nucleolar",,,T055160,"chr16:89627836..89627840,+"
24673,HGNC:32721,"chr17:16342813..16342828,+",p1@SNORD49B,CAGE_peak_1_at_SNORD49B_5end,"0bp_to_ENST00000365172,NR_003043,uc010cpf.2_5end",entrezgene:692087,HGNC:32721,,SNORD49B,"small nucleolar RNA, C/D box 49B","RNA, small nucleolar",,,T055808,"chr17:16342813..16342828,+"
24674,HGNC:32726,"chr17:16344380..16344419,+",p1@SNORD65,CAGE_peak_1_at_SNORD65_5end,"-120bp_to_NR_003054,uc002gqf.1_5end",entrezgene:692106,HGNC:32726,,SNORD65,"small nucleolar RNA, C/D box 65","RNA, small nucleolar",,,T055809,"chr17:16344380..16344419,+"
24829,HGNC:33192,"chr17:19015945..19015970,-",p1@SNORD3D,CAGE_peak_1_at_SNORD3D_5end,0bp_to_ENST00000362793_5end,,HGNC:33192,,SNORD3D,"small nucleolar RNA, C/D box 3D","RNA, small nucleolar",,,T056102,"chr17:19015945..19015970,-"
24831,HGNC:33189,"chr17:19091325..19091326,+",p1@SNORD3A,CAGE_peak_1_at_SNORD3A_5end,-2bp_to_ENST00000365494_5end,,HGNC:33189,,SNORD3A,"small nucleolar RNA, C/D box 3A","RNA, small nucleolar",180710,,T056104,"chr17:19091325..19091326,+"
25117,HGNC:10181,"chr17:27047570..27047571,+",p1@SNORD42B,CAGE_peak_1_at_SNORD42B_5end,"2bp_to_ENST00000458893,NR_000013,uc002hcj.1_5end",entrezgene:26808,HGNC:10181,,SNORD42B,"small nucleolar RNA, C/D box 42B","RNA, small nucleolar",,,T056690,"chr17:27047570..27047571,+"
25118,HGNC:10180,"chr17:27050447..27050450,+",p1@SNORD42A,CAGE_peak_1_at_SNORD42A_5end,"0bp_to_ENST00000459584,NR_000014,uc002hcm.1_5end",entrezgene:26809,HGNC:10180,,SNORD42A,"small nucleolar RNA, C/D box 42A","RNA, small nucleolar",,,T056691,"chr17:27050447..27050450,+"
25119,HGNC:10098,"chr17:27050702..27050704,+",p1@SNORD4B,CAGE_peak_1_at_SNORD4B_5end,2bp_to_ENST00000459083_5end,,HGNC:10098,,SNORD4B,"small nucleolar RNA, C/D box 4B","RNA, small nucleolar",,,T056692,"chr17:27050702..27050704,+"
25574,HGNC:32611,"chr17:37009305..37009362,-",p1@SNORA21,CAGE_peak_1_at_SNORA21_5end,"-57bp_to_NR_002576,uc002hqz.1_5end",entrezgene:619505,HGNC:32611,,SNORA21,"small nucleolar RNA, H/ACA box 21","RNA, small nucleolar",,,T057724,"chr17:37009305..37009362,-"
27449,HGNC:32768,"chr17:62223320..62223340,+",p1@SNORD104,CAGE_peak_1_at_SNORD104_5end,"-97bp_to_NR_004380,uc010dee.1_5end",entrezgene:692227,HGNC:32768,,SNORD104,"small nucleolar RNA, C/D box 104","RNA, small nucleolar",,,T061810,"chr17:62223320..62223340,+"
27450,HGNC:32768,"chr17:62223433..62223449,+",p2@SNORD104,CAGE_peak_2_at_SNORD104_5end,"0bp_to_ENST00000362883,NR_004380,uc010dee.1_5end",entrezgene:692227,HGNC:32768,,SNORD104,"small nucleolar RNA, C/D box 104","RNA, small nucleolar",,,T061811,"chr17:62223433..62223449,+"
27451,HGNC:32662,"chr17:62223694..62223700,+",p1@SNORA76,CAGE_peak_1_at_SNORA76_5end,"0bp_to_ENST00000408535,NR_002995,uc002jeb.2_5end",entrezgene:677842,HGNC:32662,,SNORA50C,"small nucleolar RNA, H/ACA box 50C","RNA, small nucleolar",,,T061813,"chr17:62223694..62223700,+"
28168,HGNC:32677,"chr17:74553841..74553864,+",p1@SNORD1C,CAGE_peak_1_at_SNORD1C_5end,"0bp_to_ENST00000448136,ENST00000493536,NR_038108,NR_038109,NR_038110,NR_038111,uc002jsa.1,uc002jsb.1,uc002jsc.1,uc002jsd.1_5end","entrezgene:100507246,entrezgene:677850",HGNC:32677,uniprot:F2Z347,SNORD1C,"small nucleolar RNA, C/D box 1C","RNA, small nucleolar",,,T063530,"chr17:74553841..74553864,+"
28169,HGNC:32677,"chr17:74553866..74553867,+",p5@SNORD1C,CAGE_peak_5_at_SNORD1C_5end,"6bp_to_ENST00000448136,uc002jsd.1_5end",entrezgene:677850,HGNC:32677,uniprot:F2Z347,SNORD1C,"small nucleolar RNA, C/D box 1C","RNA, small nucleolar",,,T063531,"chr17:74553866..74553867,+"
28170,HGNC:32677,"chr17:74553872..74553881,+",p3@SNORD1C,CAGE_peak_3_at_SNORD1C_5end,"12bp_to_ENST00000448136,uc002jsd.1_5end",entrezgene:677850,HGNC:32677,uniprot:F2Z347,SNORD1C,"small nucleolar RNA, C/D box 1C","RNA, small nucleolar",,,T063532,"chr17:74553872..74553881,+"
28171,HGNC:32677,"chr17:74553882..74553893,+",p2@SNORD1C,CAGE_peak_2_at_SNORD1C_5end,"22bp_to_ENST00000448136,uc002jsd.1_5end",entrezgene:677850,HGNC:32677,uniprot:F2Z347,SNORD1C,"small nucleolar RNA, C/D box 1C","RNA, small nucleolar",,,T063533,"chr17:74553882..74553893,+"
28172,HGNC:32677,"chr17:74554875..74554878,+",p4@SNORD1C,CAGE_peak_4_at_SNORD1C_5end,"1bp_to_NR_004397,uc010dgx.1_5end",entrezgene:677850,HGNC:32677,,SNORD1C,"small nucleolar RNA, C/D box 1C","RNA, small nucleolar",,,T063534,"chr17:74554875..74554878,+"
28173,HGNC:32676,"chr17:74557133..74557167,+",p1@SNORD1B,CAGE_peak_1_at_SNORD1B_5end,"-22bp_to_NR_004396,uc010dgy.1_5end",entrezgene:677849,HGNC:32676,,SNORD1B,"small nucleolar RNA, C/D box 1B","RNA, small nucleolar",,,T063535,"chr17:74557133..74557167,+"
28237,HGNC:32641,"chr17:7478029..7478035,+",p1@SNORA48,CAGE_peak_1_at_SNORA48_5end,"0bp_to_ENST00000386847,NR_002918,uc002ghs.1_5end",entrezgene:652965,HGNC:32641,,SNORA48,"small nucleolar RNA, H/ACA box 48","RNA, small nucleolar",,,T063640,"chr17:7478029..7478035,+"
28238,HGNC:32706,"chr17:7480128..7480132,+",p1@SNORD10,CAGE_peak_1_at_SNORD10_5end,"0bp_to_ENST00000459579,NR_002604,uc002ght.2_5end",entrezgene:652966,HGNC:32706,,SNORD10,"small nucleolar RNA, C/D box 10","RNA, small nucleolar",,,T063641,"chr17:7480128..7480132,+"
28252,HGNC:33099,"chr17:75084891..75084905,+",p2@LINC00338,CAGE_peak_2_at_LINC00338_5end,-44bp_to_ENST00000366365_5end,,HGNC:33099,,SNHG20,small nucleolar RNA host gene 20,"RNA, long non-coding",,,T063682,"chr17:75084891..75084905,+"
29581,HGNC:33613,"chr18:47015674..47015676,-",p1@SNORD58C,CAGE_peak_1_at_SNORD58C_5end,1bp_to_ENST00000365223_5end,,HGNC:33613,,SNORD58C,"small nucleolar RNA, C/D box 58C","RNA, small nucleolar",,,T067544,"chr18:47015674..47015676,-"
29582,HGNC:10208,"chr18:47017713..47017717,-",p1@SNORD58A,CAGE_peak_1_at_SNORD58A_5end,"0bp_to_ENST00000383875,NR_002571,uc002lds.1_5end",entrezgene:26791,HGNC:10208,,SNORD58A,"small nucleolar RNA, C/D box 58A","RNA, small nucleolar",,,T067545,"chr18:47017713..47017717,-"
29583,HGNC:10209,"chr18:47018091..47018115,-","p1@SNORD58B,p4@RPL17","CAGE_peak_1_at_SNORD58B_5end,CAGE_peak_4_at_RPL17_5end","0bp_to_ENST00000383969,NR_002572,uc002ldt.2_5end","entrezgene:26790,entrezgene:6139","HGNC:10209,HGNC:10307",,SNORD58B,"small nucleolar RNA, C/D box 58B","RNA, small nucleolar",,,T067546,"chr18:47018091..47018115,-"
30296,HGNC:32769,"chr19:10218330..10218339,+",p1@SNORD105,CAGE_peak_1_at_SNORD105_5end,"3bp_to_ENST00000386910,NR_004381,uc010dwy.1_5end",entrezgene:692229,HGNC:32769,,SNORD105,"small nucleolar RNA, C/D box 105","RNA, small nucleolar",,,T069395,"chr19:10218330..10218339,+"
30297,HGNC:33572,"chr19:10220437..10220441,+",p1@SNORD105B,CAGE_peak_1_at_SNORD105B_5end,4bp_to_ENST00000458770_5end,,HGNC:33572,,SNORD105B,"small nucleolar RNA, C/D box 105B","RNA, small nucleolar",,,T069397,"chr19:10220437..10220441,+"
30651,HGNC:10179,"chr19:12817328..12817332,-",p1@SNORD41,CAGE_peak_1_at_SNORD41_5end,"0bp_to_ENST00000386967,NR_002751,uc002mut.1_5end",entrezgene:26810,HGNC:10179,,SNORD41,"small nucleolar RNA, C/D box 41","RNA, small nucleolar",,,T070092,"chr19:12817328..12817332,-"
32268,HGNC:10166,"chr19:3982826..3982837,-",p4@SNORD37,CAGE_peak_4_at_SNORD37_5end,"-256bp_to_NR_002602,uc002lzf.1_5end",entrezgene:26812,HGNC:10166,,SNORD37,"small nucleolar RNA, C/D box 37","RNA, small nucleolar",,,T074008,"chr19:3982826..3982837,-"
32269,HGNC:10166,"chr19:3982849..3982958,-",p1@SNORD37,CAGE_peak_1_at_SNORD37_5end,"-279bp_to_NR_002602,uc002lzf.1_5end",entrezgene:26812,HGNC:10166,,SNORD37,"small nucleolar RNA, C/D box 37","RNA, small nucleolar",,,T074009,"chr19:3982849..3982958,-"
32270,HGNC:10166,"chr19:3982959..3983004,-",p2@SNORD37,CAGE_peak_2_at_SNORD37_5end,"-389bp_to_NR_002602,uc002lzf.1_5end",entrezgene:26812,HGNC:10166,,SNORD37,"small nucleolar RNA, C/D box 37","RNA, small nucleolar",,,T074012,"chr19:3982959..3983004,-"
32271,HGNC:10166,"chr19:3983007..3983020,-",p5@SNORD37,CAGE_peak_5_at_SNORD37_5end,"-437bp_to_NR_002602,uc002lzf.1_5end",entrezgene:26812,HGNC:10166,,SNORD37,"small nucleolar RNA, C/D box 37","RNA, small nucleolar",,,T074013,"chr19:3983007..3983020,-"
33479,HGNC:10159,"chr19:49993222..49993226,+",p1@SNORD32A,CAGE_peak_1_at_SNORD32A_5end,"0bp_to_ENST00000364805,NR_000021,uc010emy.1_5end",entrezgene:26819,HGNC:10159,,SNORD32A,"small nucleolar RNA, C/D box 32A","RNA, small nucleolar",,,T076770,"chr19:49993222..49993226,+"
33480,HGNC:10160,"chr19:49993872..49993876,+",p1@SNORD33,CAGE_peak_1_at_SNORD33_5end,"0bp_to_ENST00000362761,NR_000020,uc010emz.1_5end",entrezgene:26818,HGNC:10160,,SNORD33,"small nucleolar RNA, C/D box 33","RNA, small nucleolar",,,T076771,"chr19:49993872..49993876,+"
33482,HGNC:10161,"chr19:49994163..49994167,+",p1@SNORD34,CAGE_peak_1_at_SNORD34_5end,"0bp_to_NR_000019,uc010ena.1_5end",entrezgene:26817,HGNC:10161,,SNORD34,"small nucleolar RNA, C/D box 34","RNA, small nucleolar",,,T076773,"chr19:49994163..49994167,+"
33483,HGNC:10162,"chr19:49994430..49994434,+",p1@SNORD35A,CAGE_peak_1_at_SNORD35A_5end,"0bp_to_ENST00000363389,NR_000018,uc010enb.1_5end",entrezgene:26816,HGNC:10162,,SNORD35A,"small nucleolar RNA, C/D box 35A","RNA, small nucleolar",,,T076774,"chr19:49994430..49994434,+"
33485,HGNC:17365,"chr19:50000518..50000543,+",p2@SNORD35B,CAGE_peak_2_at_SNORD35B_5end,"-432bp_to_NR_001285,uc002poc.2_5end",entrezgene:84546,HGNC:17365,,SNORD35B,"small nucleolar RNA, C/D box 35B","RNA, small nucleolar",,,T076778,"chr19:50000518..50000543,+"
33486,HGNC:17365,"chr19:50000746..50000765,+",p1@SNORD35B,CAGE_peak_1_at_SNORD35B_5end,"-210bp_to_NR_001285,uc002poc.2_5end",entrezgene:84546,HGNC:17365,,SNORD35B,"small nucleolar RNA, C/D box 35B","RNA, small nucleolar",,,T076780,"chr19:50000746..50000765,+"
33487,HGNC:17365,"chr19:50000786..50000824,+",p3@SNORD35B,CAGE_peak_3_at_SNORD35B_5end,"-151bp_to_NR_001285,uc002poc.2_5end",entrezgene:84546,HGNC:17365,,SNORD35B,"small nucleolar RNA, C/D box 35B","RNA, small nucleolar",,,T076781,"chr19:50000786..50000824,+"
36651,HGNC:32635,"chr1:155889835..155889839,-",p1@SNORA42,CAGE_peak_1_at_SNORA42_5end,0bp_to_ENST00000384744_5end,,HGNC:32635,,SNORA80E,"small nucleolar RNA, H/ACA box 80E","RNA, small nucleolar",,,T083417,"chr1:155889835..155889839,-"
37881,HGNC:10101,"chr1:173833352..173833357,-",p1@SNORD81,CAGE_peak_1_at_SNORD81_5end,"0bp_to_NR_003938,uc009wwi.1_5end",entrezgene:26769,HGNC:10101,,SNORD81,"small nucleolar RNA, C/D box 81","RNA, small nucleolar",,,T085817,"chr1:173833352..173833357,-"
37882,HGNC:10187,"chr1:173833579..173833584,-",p1@SNORD47,CAGE_peak_1_at_SNORD47_5end,"0bp_to_ENST00000365524,NR_002746,uc001gjl.2_5end",entrezgene:26802,HGNC:10187,,SNORD47,"small nucleolar RNA, C/D box 47","RNA, small nucleolar",,,T085818,"chr1:173833579..173833584,-"
37883,HGNC:10096,"chr1:173834038..173834043,-","p1@SNORD80,p3@GAS5","CAGE_peak_1_at_SNORD80_5end,CAGE_peak_3_at_GAS5_5end","0bp_to_ENST00000364822,ENST00000422207,ENST00000434796,ENST00000444470,NR_003940,uc009wwj.1_5end",entrezgene:26774,"HGNC:10096,HGNC:16355",,SNORD80,"small nucleolar RNA, C/D box 80","RNA, small nucleolar",,,T085819,"chr1:173834038..173834043,-"
37885,HGNC:10183,"chr1:173835162..173835166,-",p1@SNORD44,CAGE_peak_1_at_SNORD44_5end,"0bp_to_ENST00000383880,NR_002750,uc001gjn.1_5end",entrezgene:26806,HGNC:10183,,SNORD44,"small nucleolar RNA, C/D box 44","RNA, small nucleolar",,,T085821,"chr1:173835162..173835166,-"
37886,HGNC:32736,"chr1:173835843..173835856,-",p1@SNORD76,CAGE_peak_1_at_SNORD76_5end,"0bp_to_ENST00000363146,NR_003942,uc009wwn.1_5end",entrezgene:692196,HGNC:32736,,SNORD76,"small nucleolar RNA, C/D box 76","RNA, small nucleolar",,,T085822,"chr1:173835843..173835856,-"
37887,HGNC:32734,"chr1:173836874..173836885,-",p1@SNORD74,CAGE_peak_1_at_SNORD74_5end,"0bp_to_NR_002579,uc001gjo.1_5end",entrezgene:619498,HGNC:32734,,SNORD74,"small nucleolar RNA, C/D box 74","RNA, small nucleolar",,,T085823,"chr1:173836874..173836885,-"
40138,HGNC:32603,"chr1:235291248..235291252,-",p2@SNORA14B,CAGE_peak_2_at_SNORA14B_5end,"0bp_to_ENST00000384452,NR_002956,uc001hwm.1_5end",entrezgene:677802,HGNC:32603,,SNORA14B,"small nucleolar RNA, H/ACA box 14B","RNA, small nucleolar",,,T091265,"chr1:235291248..235291252,-"
40139,HGNC:32603,"chr1:235291503..235291521,-",p1@SNORA14B,CAGE_peak_1_at_SNORA14B_5end,"-251bp_to_NR_002956,uc001hwm.1_5end",entrezgene:677802,HGNC:32603,,SNORA14B,"small nucleolar RNA, H/ACA box 14B","RNA, small nucleolar",,,T091266,"chr1:235291503..235291521,-"
40959,HGNC:10118,"chr1:28832727..28832730,+",p2@SNHG3,CAGE_peak_2_at_SNHG3_5end,-132bp_to_ENST00000437681_5end,,HGNC:10118,,SNHG3,small nucleolar RNA host gene 3,"RNA, long non-coding",603238,snhg3,T093121,"chr1:28832727..28832730,+"
40960,HGNC:10118,"chr1:28833032..28833057,+",p4@SNHG3,CAGE_peak_4_at_SNHG3_5end,169bp_to_ENST00000437681_5end,,HGNC:10118,,SNHG3,small nucleolar RNA host gene 3,"RNA, long non-coding",603238,snhg3,T093122,"chr1:28833032..28833057,+"
40961,HGNC:10118,"chr1:28833063..28833094,+",p3@SNHG3,CAGE_peak_3_at_SNHG3_5end,200bp_to_ENST00000437681_5end,,HGNC:10118,,SNHG3,small nucleolar RNA host gene 3,"RNA, long non-coding",603238,snhg3,T093123,"chr1:28833063..28833094,+"
40962,HGNC:10118,"chr1:28833142..28833166,+",p5@SNHG3,CAGE_peak_5_at_SNHG3_5end,279bp_to_ENST00000437681_5end,,HGNC:10118,,SNHG3,small nucleolar RNA host gene 3,"RNA, long non-coding",603238,snhg3,T093124,"chr1:28833142..28833166,+"
40963,HGNC:10115,"chr1:28833864..28833907,+",p1@SNORA73A,CAGE_peak_1_at_SNORA73A_5end,0bp_to_ENST00000364938_5end,,HGNC:10115,,SNORA73A,"small nucleolar RNA, H/ACA box 73A","RNA, small nucleolar",180645,,T093125,"chr1:28833864..28833907,+"
40964,HGNC:10115,"chr1:28833924..28833945,+",p2@SNORA73A,CAGE_peak_2_at_SNORA73A_5end,46bp_to_ENST00000364938_5end,,HGNC:10115,,SNORA73A,"small nucleolar RNA, H/ACA box 73A","RNA, small nucleolar",180645,,T093126,"chr1:28833924..28833945,+"
40965,HGNC:10116,"chr1:28835067..28835078,+",p1@SNORA73B,CAGE_peak_1_at_SNORA73B_5end,0bp_to_ENST00000363217_5end,,HGNC:10116,,SNORA73B,"small nucleolar RNA, H/ACA box 73B","RNA, small nucleolar",603239,,T093128,"chr1:28835067..28835078,+"
40971,HGNC:32762,"chr1:28905327..28905332,-",p1@SNORD99,CAGE_peak_1_at_SNORD99_5end,"1bp_to_ENST00000408612,NR_003077,uc001bqq.1_5end",entrezgene:692212,HGNC:32762,,SNORD99,"small nucleolar RNA, C/D box 99","RNA, small nucleolar",,,T093139,"chr1:28905327..28905332,-"
40972,HGNC:32655,"chr1:28906381..28906392,-",p3@SNORA61,CAGE_peak_3_at_SNORA61_5end,"12bp_to_ENST00000384581,NR_002987,uc001bqr.2_5end",entrezgene:677838,HGNC:32655,,SNORA61,"small nucleolar RNA, H/ACA box 61","RNA, small nucleolar",,,T093140,"chr1:28906381..28906392,-"
40973,HGNC:32637,"chr1:28907004..28907024,-",p1@SNORA44,CAGE_peak_1_at_SNORA44_5end,"0bp_to_ENST00000384584,NR_002976,uc001bqs.2_5end",entrezgene:677825,HGNC:32637,,SNORA44,"small nucleolar RNA, H/ACA box 44","RNA, small nucleolar",,,T093141,"chr1:28907004..28907024,-"
40974,HGNC:32605,"chr1:28907560..28907564,-",p1@SNORA16A,CAGE_peak_1_at_SNORA16A_5end,"0bp_to_NR_003035,uc001bqt.2_5end",entrezgene:692073,HGNC:32605,,SNORA16A,"small nucleolar RNA, H/ACA box 16A","RNA, small nucleolar",,,T093142,"chr1:28907560..28907564,-"
40975,HGNC:30062,"chr1:28908372..28908391,-",p1@SNHG12,CAGE_peak_1_at_SNHG12_5end,"0bp_to_ENST00000470977,ENST00000474814,uc001bqo.2_5end",entrezgene:85028,HGNC:30062,,SNHG12,small nucleolar RNA host gene 12,"RNA, long non-coding",,,T093143,"chr1:28908372..28908391,-"
41830,HGNC:10205,"chr1:45241534..45241546,+",p1@SNORD55,CAGE_peak_1_at_SNORD55_5end,"0bp_to_NR_000015,uc001cmj.1_5end",entrezgene:26811,HGNC:10205,,SNORD55,"small nucleolar RNA, C/D box 55","RNA, small nucleolar",,,T094802,"chr1:45241534..45241546,+"
41832,HGNC:30355,"chr1:45243510..45243523,+",p2@SNORD38A,CAGE_peak_2_at_SNORD38A_5end,"0bp_to_ENST00000365161,NR_001456,uc009vxi.2_5end",entrezgene:94162,HGNC:30355,,SNORD38A,"small nucleolar RNA, C/D box 38A","RNA, small nucleolar",,,T094804,"chr1:45243510..45243523,+"
42790,HGNC:10184,"chr1:76253556..76253599,+",p1@SNORD45A,CAGE_peak_1_at_SNORD45A_5end,"0bp_to_ENST00000384512,NR_002749,uc009wbu.1_5end",entrezgene:26805,HGNC:10184,,SNORD45A,"small nucleolar RNA, C/D box 45A","RNA, small nucleolar",,,T096718,"chr1:76253556..76253599,+"
43598,HGNC:32713,"chr20:17943560..17943590,-",p1@SNORD17,CAGE_peak_1_at_SNORD17_5end,"0bp_to_ENST00000390930,NR_003045,uc002wqf.1_5end",entrezgene:692086,HGNC:32713,,SNORD17,"small nucleolar RNA, C/D box 17","RNA, small nucleolar",,,T098696,"chr20:17943560..17943590,-"
43797,HGNC:33558,"chr20:2443676..2443681,-",p1@SNORD119,CAGE_peak_1_at_SNORD119_5end,1bp_to_ENST00000515997_5end,,HGNC:33558,,SNORD119,"small nucleolar RNA, C/D box 119","RNA, small nucleolar",,,T099262,"chr20:2443676..2443681,-"
43848,HGNC:32775,"chr20:2634860..2634861,+",p1@SNORD110,CAGE_peak_1_at_SNORD110_5end,"2bp_to_ENST00000408189,NR_003078,uc002wgj.2_5end",entrezgene:692213,HGNC:32775,,SNORD110,"small nucleolar RNA, C/D box 110","RNA, small nucleolar",,,T099401,"chr20:2634860..2634861,+"
43849,HGNC:32745,"chr20:2636739..2636753,+",p1@SNORD86,CAGE_peak_1_at_SNORD86_5end,"0bp_to_ENST00000391196,NR_004399,uc010gaq.1_5end",entrezgene:692201,HGNC:32745,,SNORD86,"small nucleolar RNA, C/D box 86","RNA, small nucleolar",,,T099402,"chr20:2636739..2636753,+"
43850,HGNC:10206,"chr20:2637264..2637276,+",p1@SNORD56,CAGE_peak_1_at_SNORD56_5end,"0bp_to_ENST00000384067,ENST00000413522,NR_002739,uc010gar.2_5end",entrezgene:26793,HGNC:10206,,SNORD56,"small nucleolar RNA, C/D box 56","RNA, small nucleolar",,,T099403,"chr20:2637264..2637276,+"
43851,HGNC:10207,"chr20:2637436..2637450,+",p1@SNORD57,CAGE_peak_1_at_SNORD57_5end,"-134bp_to_ENST00000448188,NR_002738,uc002wgo.1_5end",entrezgene:26792,HGNC:10207,,SNORD57,"small nucleolar RNA, C/D box 57","RNA, small nucleolar",,,T099404,"chr20:2637436..2637450,+"
43852,HGNC:10207,"chr20:2637584..2637589,+",p2@SNORD57,CAGE_peak_2_at_SNORD57_5end,"0bp_to_ENST00000384532,ENST00000448188,NR_002738,uc002wgo.1_5end",entrezgene:26792,HGNC:10207,,SNORD57,"small nucleolar RNA, C/D box 57","RNA, small nucleolar",,,T099405,"chr20:2637584..2637589,+"
44451,HGNC:32656,"chr20:37058444..37058451,-",p1@SNORA71C,CAGE_peak_1_at_SNORA71C_5end,"0bp_to_ENST00000364642,NR_003017,uc002xin.1_5end",entrezgene:677839,HGNC:32656,,SNORA71C,"small nucleolar RNA, H/ACA box 71C","RNA, small nucleolar",,,T100612,"chr20:37058444..37058451,-"
44452,HGNC:25046,"chr20:37075307..37075357,+",p1@SNHG11,CAGE_peak_1_at_SNHG11_5end,"0bp_to_ENST00000359074,ENST00000420006,ENST00000421599,ENST00000449351,ENST00000483342,uc002xit.1,uc002xiu.1_5end",entrezgene:128439,HGNC:25046,,SNHG11,small nucleolar RNA host gene 11,"RNA, long non-coding",,,T100615,"chr20:37075307..37075357,+"
44453,HGNC:25046,"chr20:37075369..37075383,+",p3@SNHG11,CAGE_peak_3_at_SNHG11_5end,0bp_to_ENST00000437028_5end,,HGNC:25046,,SNHG11,small nucleolar RNA host gene 11,"RNA, long non-coding",,,T100616,"chr20:37075369..37075383,+"
44454,HGNC:25046,"chr20:37077225..37077252,+",p4@SNHG11,CAGE_peak_4_at_SNHG11_5end,-1bp_to_ENST00000444816_5end,,HGNC:25046,,SNHG11,small nucleolar RNA host gene 11,"RNA, long non-coding",,,T100617,"chr20:37077225..37077252,+"
44952,HGNC:33573,"chr20:47896855..47896877,+",p1@SNORD12B,CAGE_peak_1_at_SNORD12B_5end,0bp_to_ENST00000410433_5end,,HGNC:33573,,SNORD12B,"small nucleolar RNA, C/D box 12B","RNA, small nucleolar",,,T101858,"chr20:47896855..47896877,+"
44953,HGNC:32708,"chr20:47897023..47897079,+",p1@SNORD12,CAGE_peak_1_at_SNORD12_5end,"-140bp_to_NR_003030,uc002xup.1_5end",entrezgene:692057,HGNC:32708,,SNORD12,"small nucleolar RNA, C/D box 12","RNA, small nucleolar",,,T101859,"chr20:47897023..47897079,+"
44954,HGNC:32708,"chr20:47897225..47897227,+",p2@SNORD12,CAGE_peak_2_at_SNORD12_5end,"5bp_to_ENST00000391002,NR_003030,uc002xup.1_5end",entrezgene:692057,HGNC:32708,,SNORD12,"small nucleolar RNA, C/D box 12","RNA, small nucleolar",,,T101860,"chr20:47897225..47897227,+"
48661,HGNC:32750,"chr2:101889505..101889509,-",p1@SNORD89,CAGE_peak_1_at_SNORD89_5end,"1bp_to_ENST00000390981,NR_003070,uc002tay.1_5end",entrezgene:692205,HGNC:32750,,SNORD89,"small nucleolar RNA, C/D box 89","RNA, small nucleolar",,,T110356,"chr2:101889505..101889509,-"
52312,HGNC:32661,"chr2:232320746..232320766,-",p3@SNORA75,CAGE_peak_3_at_SNORA75_5end,"-99bp_to_NR_002921,uc002vrv.1_5end",entrezgene:654321,HGNC:32661,,SNORA75,"small nucleolar RNA, H/ACA box 75","RNA, small nucleolar",,,T120054,"chr2:232320746..232320766,-"
52313,HGNC:32661,"chr2:232320768..232320794,-",p2@SNORA75,CAGE_peak_2_at_SNORA75_5end,"-121bp_to_NR_002921,uc002vrv.1_5end",entrezgene:654321,HGNC:32661,,SNORA75,"small nucleolar RNA, H/ACA box 75","RNA, small nucleolar",,,T120055,"chr2:232320768..232320794,-"
52314,HGNC:10143,"chr2:232321454..232321480,-",p2@SNORD20,CAGE_peak_2_at_SNORD20_5end,"-220bp_to_NR_002908,uc002vrw.1_5end",entrezgene:6082,HGNC:10143,,SNORD20,"small nucleolar RNA, C/D box 20","RNA, small nucleolar",604012,,T120056,"chr2:232321454..232321480,-"
52316,HGNC:10240,"chr2:232325221..232325253,-",p1@SNORD82,CAGE_peak_1_at_SNORD82_5end,"-68bp_to_NR_004398,uc010fxw.1_5end",entrezgene:25826,HGNC:10240,,SNORD82,"small nucleolar RNA, C/D box 82","RNA, small nucleolar",611133,,T120060,"chr2:232325221..232325253,-"
52317,HGNC:10240,"chr2:232325265..232325286,-",p2@SNORD82,CAGE_peak_2_at_SNORD82_5end,"-112bp_to_NR_004398,uc010fxw.1_5end",entrezgene:25826,HGNC:10240,,SNORD82,"small nucleolar RNA, C/D box 82","RNA, small nucleolar",611133,,T120061,"chr2:232325265..232325286,-"
53212,HGNC:10203,"chr2:29149934..29149959,+",p1@SNORD53,CAGE_peak_1_at_SNORD53_5end,"1bp_to_NR_002741,uc002rmq.1_5end",entrezgene:26796,HGNC:10203,,SNORD53,"small nucleolar RNA, C/D box 53","RNA, small nucleolar",,,T121918,"chr2:29149934..29149959,+"
54785,HGNC:32756,"chr2:86362992..86362997,+",p1@SNORD94,CAGE_peak_1_at_SNORD94_5end,"0bp_to_ENST00000386037,NR_004378,uc010fgr.1_5end",entrezgene:692225,HGNC:32756,,SNORD94,"small nucleolar RNA, C/D box 94","RNA, small nucleolar",,,T125875,"chr2:86362992..86362997,+"
57927,HGNC:32667,"chr3:186504461..186504471,+","p1@MIR1248,p1@SNORA81","CAGE_peak_1_at_MIR1248_5end,CAGE_peak_1_at_SNORA81_5end","0bp_to_ENST00000408493,NR_002989,NR_031650,uc010hyv.1_5end","entrezgene:677847,entrezgene:100302143","HGNC:32667,HGNC:35314",,SNORA81,"small nucleolar RNA, H/ACA box 81","RNA, small nucleolar",611334,,T132667,"chr3:186504461..186504471,+"
57928,HGNC:10106,"chr3:186504957..186505008,+",p1@SNORA63,CAGE_peak_1_at_SNORA63_5end,"-79bp_to_NR_002586,uc010hyw.1_5end",entrezgene:6043,HGNC:10106,,SNORA63,"small nucleolar RNA, H/ACA box 63","RNA, small nucleolar",180647,,T132668,"chr3:186504957..186505008,+"
57929,HGNC:10106,"chr3:186505086..186505092,+",p2@SNORA63,CAGE_peak_2_at_SNORA63_5end,"0bp_to_ENST00000363450,NR_002586,uc010hyw.1_5end",entrezgene:6043,HGNC:10106,,SNORA63,"small nucleolar RNA, H/ACA box 63","RNA, small nucleolar",180647,,T132669,"chr3:186505086..186505092,+"
59654,HGNC:32730,"chr3:52726396..52726400,+",p1@SNORD69,CAGE_peak_1_at_SNORD69_5end,"-351bp_to_NR_003057,uc003dfh.1_5end",entrezgene:692109,HGNC:32730,,SNORD69,"small nucleolar RNA, C/D box 69","RNA, small nucleolar",,,T136262,"chr3:52726396..52726400,+"
61022,HGNC:33098,"chr4:119199872..119199890,+",p2@SNHG8,CAGE_peak_2_at_SNHG8_5end,"-23bp_to_ENST00000500560,uc003iby.2_5end",entrezgene:100093630,HGNC:33098,,SNHG8,small nucleolar RNA host gene 8,"RNA, long non-coding",,,T139228,"chr4:119199872..119199890,+"
61023,HGNC:33098,"chr4:119199904..119199923,+",p1@SNHG8,CAGE_peak_1_at_SNHG8_5end,"0bp_to_ENST00000500560,NR_003584,NR_034010,NR_034011,uc003iby.2_5end",entrezgene:100093630,HGNC:33098,,SNHG8,small nucleolar RNA host gene 8,"RNA, long non-coding",,,T139229,"chr4:119199904..119199923,+"
61024,HGNC:32614,"chr4:119200341..119200348,+",p2@SNORA24,CAGE_peak_2_at_SNORA24_5end,"0bp_to_ENST00000384096,NR_002963,uc003ibz.1_5end",entrezgene:677809,HGNC:32614,,SNORA24,"small nucleolar RNA, H/ACA box 24","RNA, small nucleolar",,,T139230,"chr4:119200341..119200348,+"
65175,HGNC:10220,"chr5:137896795..137896800,-",p1@SNORD63,CAGE_peak_1_at_SNORD63_5end,"0bp_to_ENST00000384262,NR_002913,uc003ldg.2_5end",entrezgene:26785,HGNC:10220,,SNORD63,"small nucleolar RNA, C/D box 63","RNA, small nucleolar",,,T149325,"chr5:137896795..137896800,-"
66876,HGNC:32758,"chr5:180668885..180668889,-",p1@SNORD96A,CAGE_peak_1_at_SNORD96A_5end,"0bp_to_NR_002592,uc010jlt.1_5end",entrezgene:619571,HGNC:32758,,SNORD96A,"small nucleolar RNA, C/D box 96A","RNA, small nucleolar",,,T153236,"chr5:180668885..180668889,-"
69366,HGNC:32764,"chr6:133136126..133136157,+","p1@SNORD101,p2@RPS12","CAGE_peak_1_at_SNORD101_5end,CAGE_peak_2_at_RPS12_5end","-288bp_to_NR_002434,uc003qdy.1_5end","entrezgene:594837,entrezgene:6206","HGNC:32764,HGNC:10385",,SNORD101,"small nucleolar RNA, C/D box 101","RNA, small nucleolar",,,T159172,"chr6:133136126..133136157,+"
71208,HGNC:32743,"chr6:31508969..31509009,-",p1@SNORD84,CAGE_peak_1_at_SNORD84_5end,"-14bp_to_NR_003065,uc010jsq.1_5end",entrezgene:692199,HGNC:32743,,SNORD84,"small nucleolar RNA, C/D box 84","RNA, small nucleolar",,,T163893,"chr6:31508969..31509009,-"
71276,HGNC:32631,"chr6:31590502..31590532,+",p1@SNORA38,CAGE_peak_1_at_SNORA38_5end,"-323bp_to_NR_002971,uc003nvd.2_5end",entrezgene:677820,HGNC:32631,,SNORA38,"small nucleolar RNA, H/ACA box 38","RNA, small nucleolar",,,T164057,"chr6:31590502..31590532,+"
71387,HGNC:10202,"chr6:31804851..31804855,+",p1@SNORD52,CAGE_peak_1_at_SNORD52_5end,"0bp_to_ENST00000364884,NR_002742,uc003nxp.2_5end",entrezgene:26797,HGNC:10202,,SNORD52,"small nucleolar RNA, C/D box 52","RNA, small nucleolar",,,T164238,"chr6:31804851..31804855,+"
73226,HGNC:10200,"chr6:86387080..86387086,-",p1@SNORD50A,CAGE_peak_1_at_SNORD50A_5end,"0bp_to_ENST00000384338,NR_002743,uc003ple.2_5end",entrezgene:26799,HGNC:10200,,SNORD50A,"small nucleolar RNA, C/D box 50A","RNA, small nucleolar",613117,,T168210,"chr6:86387080..86387086,-"
73227,HGNC:10200,"chr6:86387216..86387220,-",p2@SNORD50A,CAGE_peak_2_at_SNORD50A_5end,"-130bp_to_NR_002743,uc003ple.2_5end",entrezgene:26799,HGNC:10200,,SNORD50A,"small nucleolar RNA, C/D box 50A","RNA, small nucleolar",613117,,T168211,"chr6:86387216..86387220,-"
73228,HGNC:21026,"chr6:86388438..86388458,-",p1@SNHG5,CAGE_peak_1_at_SNHG5_5end,"0bp_to_ENST00000414002,ENST00000420199,ENST00000431043,NR_003038,uc003plb.3,uc003plc.3,uc003pld.3_5end",entrezgene:387066,HGNC:21026,,SNHG5,small nucleolar RNA host gene 5,"RNA, long non-coding",613263,snhg5,T168212,"chr6:86388438..86388458,-"
76230,HGNC:27797,"chr7:45025791..45025805,-",p3@SNHG15,CAGE_peak_3_at_SNHG15_5end,430bp_to_uc003tmk.3_5end,entrezgene:285958,HGNC:27797,,SNHG15,small nucleolar RNA host gene 15,"RNA, long non-coding",,linc1257,T175773,"chr7:45025791..45025805,-"
76231,HGNC:27797,"chr7:45025815..45025835,-",p5@SNHG15,CAGE_peak_5_at_SNHG15_5end,400bp_to_uc003tmk.3_5end,entrezgene:285958,HGNC:27797,,SNHG15,small nucleolar RNA host gene 15,"RNA, long non-coding",,linc1257,T175774,"chr7:45025815..45025835,-"
76232,HGNC:27797,"chr7:45026177..45026188,-",p2@SNHG15,CAGE_peak_2_at_SNHG15_5end,47bp_to_uc003tmk.3_5end,entrezgene:285958,HGNC:27797,,SNHG15,small nucleolar RNA host gene 15,"RNA, long non-coding",,linc1257,T175775,"chr7:45026177..45026188,-"
76233,HGNC:27797,"chr7:45026200..45026270,-",p1@SNHG15,CAGE_peak_1_at_SNHG15_5end,"0bp_to_NR_003697,uc003tmk.3,uc003tml.3_5end",entrezgene:285958,HGNC:27797,,SNHG15,small nucleolar RNA host gene 15,"RNA, long non-coding",,linc1257,T175776,"chr7:45026200..45026270,-"
76234,HGNC:27797,"chr7:45026285..45026296,-",p7@SNHG15,CAGE_peak_7_at_SNHG15_5end,"-26bp_to_NR_003697,uc003tml.3_5end",entrezgene:285958,HGNC:27797,,SNHG15,small nucleolar RNA host gene 15,"RNA, long non-coding",,linc1257,T175777,"chr7:45026285..45026296,-"
76235,HGNC:27797,"chr7:45026419..45026440,-",p6@SNHG15,CAGE_peak_6_at_SNHG15_5end,"-160bp_to_NR_003697,uc003tml.3_5end",entrezgene:285958,HGNC:27797,,SNHG15,small nucleolar RNA host gene 15,"RNA, long non-coding",,linc1257,T175778,"chr7:45026419..45026440,-"
79815,HGNC:32711,"chr8:33370991..33370996,+",p1@SNORD13,CAGE_peak_1_at_SNORD13_5end,0bp_to_ENST00000459299_5end,,HGNC:32711,,SNORD13,"small nucleolar RNA, C/D box 13","RNA, small nucleolar",616664,,T184331,"chr8:33370991..33370996,+"
80232,HGNC:10204,"chr8:56986457..56986460,-",p1@SNORD54,CAGE_peak_1_at_SNORD54_5end,"0bp_to_ENST00000459159,NR_002437,uc003xso.1_5end",entrezgene:26795,HGNC:10204,,SNORD54,"small nucleolar RNA, C/D box 54","RNA, small nucleolar",,,T185374,"chr8:56986457..56986460,-"
80486,HGNC:32746,"chr8:67834782..67834786,-",p1@SNORD87,CAGE_peak_1_at_SNORD87_5end,"0bp_to_ENST00000522478,NR_002598,uc003xxb.1_5end",entrezgene:641648,HGNC:32746,,SNORD87,"small nucleolar RNA, C/D box 87","RNA, small nucleolar",612216,,T186049,"chr8:67834782..67834786,-"
80488,HGNC:32965,"chr8:67837765..67837782,-",p1@SNHG6,CAGE_peak_1_at_SNHG6_5end,"0bp_to_ENST00000499996,ENST00000502076,ENST00000520348,ENST00000521127,ENST00000521399,NR_002599,uc003xxa.1_5end",entrezgene:641638,HGNC:32965,,SNHG6,small nucleolar RNA host gene 6,"RNA, long non-coding",612215,snhg6,T186052,"chr8:67837765..67837782,-"
82084,HGNC:10222,"chr9:130210912..130210915,-",p1@SNORA65,CAGE_peak_1_at_SNORA65_5end,"0bp_to_NR_002449,uc004bra.1_5end",entrezgene:26783,HGNC:10222,,SNORA65,"small nucleolar RNA, H/ACA box 65","RNA, small nucleolar",,,T189749,"chr9:130210912..130210915,-"
82611,HGNC:10164,"chr9:136216952..136216953,+",p2@SNORD36B,CAGE_peak_2_at_SNORD36B_5end,2bp_to_ENST00000363961_5end,,HGNC:10164,,SNORD36B,"small nucleolar RNA, C/D box 36B","RNA, small nucleolar",,,T190879,"chr9:136216952..136216953,+"
82612,HGNC:10163,"chr9:136217312..136217315,+",p1@SNORD36A,CAGE_peak_1_at_SNORD36A_5end,"1bp_to_ENST00000362874,NR_002448,uc010naj.2_5end",entrezgene:26815,HGNC:10163,,SNORD36A,"small nucleolar RNA, C/D box 36A","RNA, small nucleolar",,,T190880,"chr9:136217312..136217315,+"
82783,HGNC:28254,"chr9:139622626..139622643,-",p1@SNHG7,CAGE_peak_1_at_SNHG7_5end,"0bp_to_ENST00000414282,ENST00000416970,ENST00000447221,NR_003672,NR_024542,NR_024543,uc004cim.2,uc004cio.2,uc004cip.3,uc004ciq.3,uc011meb.1_5end",entrezgene:84973,HGNC:28254,,SNHG7,small nucleolar RNA host gene 7,"RNA, long non-coding",,,T191363,"chr9:139622626..139622643,-"
85890,HGNC:10231,"chrX:153628621..153628623,+",p2@SNORA70,CAGE_peak_2_at_SNORA70_5end,"0bp_to_ENST00000384436,NR_000011,uc010nux.1_5end",entrezgene:26778,HGNC:10231,,SNORA70,"small nucleolar RNA, H/ACA box 70","RNA, small nucleolar",,,T198431,"chrX:153628621..153628623,+"
